{"cameraMode":{"drawMode":0,"name":"Shaded","section":"Shading Mode"},"sceneLighting":false,"audioPlay":false,"sceneViewState":{"showFog":true,"showMaterialUpdate":false,"showSkybox":false,"showFlares":true,"showImageEffects":true,"showParticleSystems":true},"in2DMode":false,"pivot":{"x":12.174654006958008,"y":-1.9854295253753663,"z":-5.243627548217773},"rotation":{"x":0.18628191947937013,"y":0.6101456880569458,"z":-0.15048196911811829,"w":0.7552881836891174},"size":17.5184326171875,"orthographic":false}