{"cameraMode":{"drawMode":0,"name":"Shaded","section":"Shading Mode"},"sceneLighting":true,"audioPlay":false,"sceneViewState":{"showFog":true,"showMaterialUpdate":false,"showSkybox":true,"showFlares":true,"showImageEffects":true,"showParticleSystems":true},"in2DMode":false,"pivot":{"x":12.174654006958008,"y":-1.9854296445846558,"z":-5.243627548217773},"rotation":{"x":0.08872520178556442,"y":0.38395828008651736,"z":-0.03708743676543236,"w":0.9183753728866577},"size":46.23611831665039,"orthographic":false}